ip,MethodUrl,memberID
114.223.210.164,/app/project/get_performs,6028248
121.232.88.211,/app/project/get_performs,6374410
222.191.133.48,/app/project/get_performs,2213652
124.116.177.45,/app/project/get_performs,5982882
113.67.183.65,/app/project/get_performs,5975494
113.103.52.80,/app/project/get_performs,6028248
114.103.72.36,/app/project/get_performs,6656021
121.232.90.45,/app/project/get_performs,1819010
122.246.179.156,/app/project/get_performs,6519837
222.191.134.56,/app/project/get_performs,5875028
125.121.72.79,/app/project/get_performs,4922919
122.246.179.156,/app/project/get_performs,6296164
117.70.49.137,/app/project/get_performs,5982882
49.74.203.149,/app/project/get_performs,6725608
180.125.146.41,/app/project/get_performs,6028248
222.94.150.189,/app/project/get_performs,5255248
222.94.145.188,/app/project/get_performs,1427684
121.238.25.214,/app/project/get_performs,4221491
183.133.68.163,/app/project/get_performs,6374410
114.99.14.172,/app/project/get_performs,6635682
121.232.91.32,/app/project/get_performs,2512070
27.157.63.239,/app/project/get_performs,2215347
222.94.145.52,/app/project/get_performs,5063690
121.238.100.210,/app/project/get_performs,4993379
123.4.194.103,/app/project/get_performs,2239345
125.94.167.120,/app/project/get_performs,4779348
36.56.100.236,/app/project/get_performs,5834510
112.194.193.246,/app/project/get_performs,6403418
121.232.91.39,/app/project/get_performs,2396254
125.70.120.205,/app/project/get_performs,5970467
112.194.91.101,/app/project/get_performs,5851089
59.56.38.38,/app/project/get_performs,5481447
140.250.146.45,/app/project/get_performs,6374410
223.243.134.3,/app/project/get_performs,5755314
49.73.97.182,/app/project/get_performs,6723987
114.225.121.135,/app/project/get_performs,6385902
59.56.38.38,/app/project/get_performs,6519837
36.42.126.210,/app/project/get_performs,5975494
111.72.194.127,/app/project/get_performs,1989159
183.159.212.149,/app/project/get_performs,1989159
60.184.53.104,/app/project/get_performs,2481685
120.39.55.29,/app/project/get_performs,6635682
125.106.140.155,/app/project/get_performs,6357615
219.144.114.170,/app/project/get_performs,2352572
117.84.6.189,/app/project/get_performs,5853397
116.21.24.57,/app/project/get_performs,2396254
115.229.220.207,/app/project/get_performs,6384264
114.225.30.189,/app/project/get_performs,4221491
117.70.196.253,/app/project/get_performs,5853397
171.211.70.9,/app/project/get_performs,6725585
121.238.86.88,/app/project/get_performs,2215347
180.113.120.184,/app/project/get_performs,6656021
183.141.41.228,/app/project/get_performs,2872634
222.191.132.180,/app/project/get_performs,5481447
111.132.16.193,/app/project/get_performs,5755314
122.233.16.162,/app/project/get_performs,5004807
119.130.242.164,/app/project/get_performs,6263513
121.238.100.210,/app/project/get_performs,4751666
122.233.16.162,/app/project/get_performs,6296164
223.247.42.165,/app/project/get_performs,5875028
27.189.129.74,/app/project/get_performs,2213652
175.174.134.32,/app/project/get_performs,5848981
183.150.32.237,/app/project/get_performs,31268
58.219.30.188,/app/project/get_performs,2102330
117.84.4.245,/app/project/get_performs,5848981
49.69.209.90,/app/project/get_performs,4779348
106.122.169.250,/app/project/get_performs,6357768
115.208.164.38,/app/project/get_performs,5255248
110.86.180.246,/app/project/get_performs,4727399
114.224.215.177,/app/project/get_performs,4922919
123.180.209.85,/app/project/get_performs,5755314
222.191.134.38,/app/project/get_performs,2872634
49.89.101.151,/app/project/get_performs,6406585
49.75.214.240,/app/project/get_performs,2872634
144.255.44.194,/app/project/get_performs,2481685
121.232.91.39,/app/project/get_performs,4702593
222.191.132.181,/app/project/get_performs,4993379
124.95.209.211,/app/project/get_performs,5970467
222.191.132.180,/app/project/get_performs,2239345
171.211.49.47,/app/project/get_performs,28823
123.170.103.243,/app/project/get_performs,1427684
183.146.10.101,/app/project/get_performs,3314779
121.232.88.199,/app/project/get_performs,5970467
49.70.95.23,/app/project/get_performs,2872634
221.227.188.48,/app/project/get_performs,4751666
121.232.88.8,/app/project/get_performs,4779348
121.232.88.44,/app/project/get_performs,2872634
119.41.202.206,/app/project/get_performs,6519837
36.24.162.208,/app/project/get_performs,5834510
27.151.44.133,/app/project/get_performs,2872634
140.250.149.124,/app/project/get_performs,6028248
59.56.38.38,/app/project/get_performs,6576551
121.61.163.5,/app/project/get_performs,2712525
117.62.42.79,/app/project/get_performs,384985
36.251.41.132,/app/project/get_performs,6635682
221.227.188.128,/app/project/get_performs,4779348
125.125.226.133,/app/project/get_performs,2481685
110.80.181.11,/app/project/get_performs,5851373
119.130.240.140,/app/project/get_performs,2239345
222.90.142.118,/app/project/get_performs,5137447
122.246.179.156,/app/project/get_performs,5481447
42.56.237.111,/app/project/get_performs,6350078
119.115.238.64,/app/project/get_performs,4922919
121.232.88.44,/app/project/get_performs,5875028
114.235.254.6,/app/project/get_performs,6406019
222.191.134.127,/app/project/get_performs,4727399
121.232.90.64,/app/project/get_performs,5481447
120.42.149.174,/app/project/get_performs,6419540
121.238.84.141,/app/project/get_performs,1989159
106.114.180.222,/app/project/get_performs,5982882
122.246.179.156,/app/project/get_performs,6519837
114.99.5.174,/app/project/get_performs,6656021
182.34.37.1,/app/project/get_performs,6656021
122.246.179.156,/app/project/get_performs,1037738
121.232.88.211,/app/project/get_performs,6406585
58.52.86.158,/app/project/get_performs,6419540
114.223.73.200,/app/project/get_performs,1989159
218.66.247.199,/app/project/get_performs,6405411
219.131.183.82,/app/project/get_performs,6028248
222.79.59.242,/app/project/get_performs,5137447
113.138.184.140,/app/project/get_performs,1819010
117.70.49.137,/app/project/get_performs,5982882
222.79.59.242,/app/project/get_performs,5019162
211.93.120.143,/app/project/get_performs,6028248
1.195.210.194,/app/project/get_performs,5851089
59.56.38.38,/app/project/get_performs,5481447
121.238.100.210,/app/project/get_performs,4993379
49.73.97.182,/app/project/get_performs,6723987
121.238.25.214,/app/project/get_performs,4221491
113.67.183.65,/app/project/get_performs,4727399
222.94.150.189,/app/project/get_performs,5255248
119.112.94.58,/app/project/get_performs,6186
114.225.30.189,/app/project/get_performs,4221491
122.246.179.156,/app/project/get_performs,6517790
122.246.179.156,/app/project/get_performs,6296164
122.233.16.162,/app/project/get_performs,6296164
222.191.132.180,/app/project/get_performs,5481447
121.232.88.211,/app/project/get_performs,6374410
222.191.134.56,/app/project/get_performs,5875028
27.157.63.239,/app/project/get_performs,2215347
123.181.235.55,/app/project/get_performs,6263513
125.70.120.205,/app/project/get_performs,5970467
122.246.179.156,/app/project/get_performs,5481447
36.24.162.208,/app/project/get_performs,5834510
122.233.16.162,/app/project/get_performs,5004807
222.94.145.52,/app/project/get_performs,5063690
121.232.91.39,/app/project/get_performs,4702593
121.232.88.175,/app/project/get_performs,4002817
222.191.133.48,/app/project/get_performs,2213652
59.56.38.38,/app/project/get_performs,6519837
183.133.68.163,/app/project/get_performs,6374410
121.232.91.3,/app/project/get_performs,6384241
114.225.121.135,/app/project/get_performs,6385902
223.247.42.165,/app/project/get_performs,5875028
183.141.41.228,/app/project/get_performs,2872634
36.56.100.236,/app/project/get_performs,5834510
115.208.164.38,/app/project/get_performs,5255248
115.229.220.207,/app/project/get_performs,6384264
49.89.101.151,/app/project/get_performs,6406585
121.232.90.197,/app/project/get_performs,2239345
117.94.203.198,/app/project/get_performs,6403418
222.191.132.181,/app/project/get_performs,4993379
114.105.237.229,/app/project/get_performs,5004807
222.94.145.188,/app/project/get_performs,1427684
221.227.188.48,/app/project/get_performs,4751666
114.237.82.23,/app/project/get_performs,5851373
49.69.209.90,/app/project/get_performs,4779348
117.62.42.79,/app/project/get_performs,384985
27.189.129.74,/app/project/get_performs,2213652
110.86.180.246,/app/project/get_performs,4727399
222.191.134.38,/app/project/get_performs,2872634
121.232.91.39,/app/project/get_performs,2396254
122.246.179.156,/app/project/get_performs,6519837
219.144.114.170,/app/project/get_performs,2352572
116.21.24.57,/app/project/get_performs,2396254
123.170.103.243,/app/project/get_performs,1427684
114.224.215.177,/app/project/get_performs,4922919
180.102.166.232,/app/project/get_performs,28823
121.232.90.64,/app/project/get_performs,5481447
59.56.38.38,/app/project/get_performs,6576551
36.24.236.2,/app/project/get_performs,6349992
27.151.44.133,/app/project/get_performs,2872634
110.80.181.11,/app/project/get_performs,5851373
119.130.240.140,/app/project/get_performs,2239345
124.95.209.211,/app/project/get_performs,5970467
49.74.203.149,/app/project/get_performs,31268
120.39.55.29,/app/project/get_performs,6635682
114.235.254.6,/app/project/get_performs,6406019
175.155.2.143,/app/project/get_performs,29140
49.70.95.23,/app/project/get_performs,2872634
125.105.108.138,/app/project/get_performs,6357615
49.73.97.182,/app/project/get_performs,6723987
140.250.95.11,/app/project/get_performs,6725608
140.250.95.11,/app/project/get_performs,6725585
183.129.59.57,/app/project/get_performs,5755314
175.174.134.32,/app/project/get_performs,5848981
122.246.179.156,/app/project/get_performs,1037738
122.246.179.156,/app/project/get_performs,6296164
121.232.88.44,/app/project/get_performs,2872634
180.113.120.184,/app/project/get_performs,6656021
60.184.156.5,/app/project/get_performs,6350078
223.243.134.3,/app/project/get_performs,5755314
144.255.44.194,/app/project/get_performs,2481685
119.115.238.64,/app/project/get_performs,4922919
36.6.57.228,/app/project/get_performs,6725576
122.246.179.156,/app/project/get_performs,6517790
117.84.6.189,/app/project/get_performs,5853397
36.6.57.228,/app/project/get_performs,6725611
222.90.142.118,/app/project/get_performs,5137447
121.232.88.211,/app/project/get_performs,6406585
121.232.90.45,/app/project/get_performs,1819010
121.238.100.210,/app/project/get_performs,4993379
175.4.214.38,/app/project/get_performs,5047362
114.103.72.36,/app/project/get_performs,6656021
218.66.247.199,/app/project/get_performs,6405411
119.41.202.206,/app/project/get_performs,6519837
222.79.59.242,/app/project/get_performs,5137447
121.238.84.141,/app/project/get_performs,1989159
202.107.12.77,/app/project/get_performs,6028248
222.79.59.242,/app/project/get_performs,5019162
222.191.132.180,/app/project/get_performs,5481447
60.184.53.104,/app/project/get_performs,2481685
122.246.179.156,/app/project/get_performs,6519837
111.132.16.193,/app/project/get_performs,5755314
121.232.91.39,/app/project/get_performs,4702593
119.130.242.164,/app/project/get_performs,6263513
61.185.24.36,/app/project/get_performs,2481685
114.99.5.174,/app/project/get_performs,6656021
117.84.4.245,/app/project/get_performs,5848981
1.195.210.194,/app/project/get_performs,5851089
222.94.150.189,/app/project/get_performs,5255248
49.73.97.182,/app/project/get_performs,6723987
222.191.132.181,/app/project/get_performs,4993379
123.170.103.243,/app/project/get_performs,1427684
222.94.145.52,/app/project/get_performs,5063690
115.229.220.207,/app/project/get_performs,6384264
175.4.214.38,/app/project/seatPlanStatus,5047362
49.89.101.151,/app/project/get_performs,6406585
114.225.121.135,/app/project/get_performs,6385902
117.62.42.79,/app/project/get_performs,384985
122.246.179.156,/app/project/get_performs,6296164
182.34.37.1,/app/project/get_performs,6656021
121.232.91.3,/app/project/get_performs,6384241
59.56.38.38,/app/project/get_performs,6519837
219.131.189.174,/app/project/get_performs,2512070
118.120.209.38,/app/project/get_performs,6186
211.93.120.143,/app/project/get_performs,6028248
121.232.91.32,/app/project/get_performs,2512070
113.67.183.65,/app/project/get_performs,5975494
121.232.88.44,/app/project/get_performs,5875028
222.191.134.38,/app/project/get_performs,2872634
114.235.254.6,/app/project/get_performs,6406019
114.223.73.200,/app/project/get_performs,1989159
116.21.24.57,/app/project/get_performs,2396254
121.232.90.64,/app/project/get_performs,5481447
117.69.159.106,/app/project/get_performs,28823
119.116.108.56,/app/project/get_performs,6357768
36.42.126.210,/app/project/get_performs,5975494
49.70.95.23,/app/project/get_performs,2872634
121.232.91.39,/app/project/get_performs,2396254
49.73.97.182,/app/project/get_performs,6723987
175.153.142.193,/app/project/get_performs,6357615
114.223.210.164,/app/project/get_performs,6028248
111.76.64.161,/app/project/get_performs,3417886
140.250.149.124,/app/project/get_performs,6028248
222.191.132.180,/app/project/get_performs,5481447
117.69.154.121,/app/project/get_performs,6371207
113.138.184.140,/app/project/get_performs,1819010
113.103.52.80,/app/project/get_performs,6028248
175.174.134.32,/app/project/get_performs,5848981
114.238.147.81,/app/project/get_performs,6725576
49.68.253.210,/app/project/get_performs,6725608
49.68.253.210,/app/project/get_performs,6725585
58.219.135.251,/app/project/get_performs,3417886
117.88.135.54,/app/project/get_performs,6350078
222.79.59.242,/app/project/get_performs,5137447
117.84.4.245,/app/project/get_performs,5848981
122.246.179.156,/app/project/get_performs,6296164
114.237.82.23,/app/project/get_performs,5851373
222.79.59.242,/app/project/get_performs,5019162
123.170.103.243,/app/project/get_performs,1427684
121.232.88.44,/app/project/get_performs,2872634
59.56.38.38,/app/project/get_performs,6519837
183.150.35.251,/app/project/get_performs,6357930
183.150.35.251,/app/project/get_performs,73952
175.154.70.118,/app/project/get_performs,6725611
49.73.97.182,/app/project/get_performs,6723987
112.194.93.130,/app/project/get_performs,6349992
114.235.254.6,/app/project/get_performs,6406019
222.191.134.38,/app/project/get_performs,2872634
114.225.121.135,/app/project/get_performs,6385902
121.232.91.3,/app/project/get_performs,6384241
183.151.228.234,/app/project/get_performs,6403418
58.209.127.67,/app/project/get_performs,3417886
122.230.19.90,/app/project/get_performs,5584177
121.232.90.45,/app/project/get_performs,1819010
117.69.159.214,/app/project/get_performs,6186
121.238.84.141,/app/project/get_performs,1989159
116.21.24.57,/app/project/get_performs,2396254
121.232.90.64,/app/project/get_performs,5481447
183.141.150.255,/app/project/get_performs,28823
112.194.93.130,/app/project/get_performs,29140
183.144.150.138,/app/project/get_performs,2712525
111.132.16.193,/app/project/get_performs,5755314
182.34.37.1,/app/project/get_performs,6656021
202.107.12.77,/app/project/get_performs,6028248
58.209.127.40,/app/project/get_performs,3417886
121.232.91.32,/app/project/get_performs,2512070
49.73.97.182,/app/project/get_performs,6723987
211.93.120.143,/app/project/get_performs,6028248
183.141.20.218,/app/project/get_performs,3417886
175.174.134.32,/app/project/get_performs,5848981
183.9.102.38,/app/project/get_performs,6096491
49.68.253.210,/app/project/get_performs,31268
183.146.10.101,/app/project/get_performs,3314779
222.79.59.242,/app/project/get_performs,5019162
36.6.133.183,/app/project/get_performs,3417886
59.56.38.38,/app/project/get_performs,6519837
59.60.209.218,/app/project/get_performs,6725576
140.250.149.124,/app/project/get_performs,6028248
222.191.132.180,/app/project/get_performs,5481447
36.42.126.210,/app/project/get_performs,5975494
182.132.25.11,/app/project/get_performs,6371207
221.230.180.181,/app/project/get_performs,6725611
114.235.254.6,/app/project/get_performs,6406019
27.22.51.126,/app/project/get_performs,3417886
222.191.134.38,/app/project/get_performs,2872634
121.232.88.44,/app/project/get_performs,2872634
49.73.97.182,/app/project/get_performs,6723987
121.61.163.5,/app/project/get_performs,6350078
223.214.184.195,/app/project/get_performs,3417886
121.238.100.210,/app/project/get_performs,4751666
118.120.230.15,/app/project/get_performs,73952
1.195.210.194,/app/project/get_performs,5851089
114.224.50.201,/app/project/get_performs,6358458
49.84.44.124,/app/project/get_performs,5848981
183.166.170.34,/app/project/get_performs,6403418
222.77.130.68,/app/project/get_performs,6357768
116.21.24.57,/app/project/get_performs,2396254
183.9.102.38,/app/project/seatPlanStatus,6096491
49.74.203.149,/app/project/get_performs,6186
123.4.194.103,/app/project/get_performs,2239345
114.238.147.81,/app/project/get_performs,2712525
117.70.196.253,/app/project/get_performs,5853397
125.125.239.184,/app/project/get_performs,6357615
125.94.167.120,/app/project/get_performs,4779348
119.7.141.238,/app/project/get_performs,3417886
121.232.91.3,/app/project/get_performs,6384241
222.191.134.127,/app/project/get_performs,4727399
121.232.90.64,/app/project/get_performs,5481447
180.122.149.142,/app/project/get_performs,6349992
121.232.90.45,/app/project/get_performs,1819010
222.191.132.180,/app/project/get_performs,5481447
49.73.97.182,/app/project/get_performs,6723987
117.70.49.137,/app/project/get_performs,5982882
182.34.37.1,/app/project/get_performs,6656021
112.194.91.101,/app/project/get_performs,5851089
222.79.59.242,/app/project/get_performs,5019162
121.232.91.32,/app/project/get_performs,2512070
211.93.120.143,/app/project/get_performs,6028248
114.235.254.6,/app/project/get_performs,6406019
182.114.33.253,/app/project/get_performs,6358330
117.91.130.219,/app/project/get_performs,29140
140.250.149.124,/app/project/get_performs,6028248
175.174.134.32,/app/project/get_performs,5848981
171.211.70.9,/app/project/get_performs,6725576
121.232.88.211,/app/project/get_performs,6374410
114.99.14.172,/app/project/get_performs,6635682
59.60.209.218,/app/project/get_performs,6725585
125.121.72.79,/app/project/get_performs,4922919
140.224.140.232,/app/project/get_performs,6357930
223.247.42.165,/app/project/get_performs,5875028
222.94.145.188,/app/project/get_performs,1427684
183.150.32.237,/app/project/get_performs,6725611
115.208.164.38,/app/project/get_performs,5255248
114.224.215.177,/app/project/get_performs,4922919
122.246.179.156,/app/project/get_performs,1037738
117.70.196.253,/app/project/get_performs,5853397
113.67.183.65,/app/project/get_performs,4727399
221.227.188.48,/app/project/get_performs,4751666
183.141.41.228,/app/project/get_performs,2872634
36.42.126.210,/app/project/get_performs,5975494
175.155.3.231,/app/project/get_performs,73952
175.4.214.38,/app/project/get_performs,5047362
222.191.134.127,/app/project/get_performs,4727399
116.21.24.57,/app/project/get_performs,2396254
117.69.159.223,/app/project/get_performs,6403418
222.191.132.180,/app/project/get_performs,5481447
124.95.209.211,/app/project/get_performs,5970467
115.221.241.163,/app/project/get_performs,6371207
175.155.3.231,/app/project/get_performs,2712525
114.105.237.229,/app/project/get_performs,5004807
183.166.170.72,/app/project/get_performs,6357768
121.232.90.197,/app/project/get_performs,2239345
59.60.209.218,/app/project/get_performs,6725608
123.4.194.103,/app/project/get_performs,2239345
121.232.88.175,/app/project/get_performs,4002817
122.246.179.156,/app/project/get_performs,6519837
110.86.180.246,/app/project/get_performs,4727399
140.250.91.106,/app/project/get_performs,31268
119.130.240.140,/app/project/get_performs,2239345
222.191.134.38,/app/project/get_performs,2872634
36.6.57.228,/app/project/get_performs,6186
122.246.179.156,/app/project/get_performs,1037738
222.79.59.242,/app/project/get_performs,5019162
175.173.223.144,/app/project/get_performs,6357615
117.70.49.137,/app/project/get_performs,5982882
119.115.238.64,/app/project/get_performs,4922919
222.191.134.127,/app/project/get_performs,4727399
117.62.42.79,/app/project/get_performs,384985
183.141.41.228,/app/project/get_performs,2872634
125.94.167.120,/app/project/get_performs,4779348
114.224.215.177,/app/project/get_performs,4922919
49.73.97.182,/app/project/get_performs,6723987
222.94.145.52,/app/project/get_performs,5063690
117.69.188.214,/app/project/get_performs,6358330
117.69.155.166,/app/project/get_performs,6357930
222.94.145.188,/app/project/get_performs,1427684
222.90.142.118,/app/project/get_performs,5137447
183.146.10.101,/app/project/get_performs,3314779
49.84.44.124,/app/project/get_performs,5848981
123.4.194.103,/app/project/get_performs,2239345
222.191.132.181,/app/project/get_performs,4993379
121.232.88.211,/app/project/get_performs,6374410
49.85.46.73,/app/project/get_performs,3417886
122.246.179.156,/app/project/get_performs,6519837
117.70.196.253,/app/project/get_performs,5853397
116.21.24.57,/app/project/get_performs,2396254
121.232.88.44,/app/project/get_performs,5875028
112.194.193.246,/app/project/get_performs,73952
121.232.91.32,/app/project/get_performs,2512070
110.86.180.246,/app/project/get_performs,4727399
222.191.134.38,/app/project/get_performs,2872634
125.121.72.79,/app/project/get_performs,4922919
183.166.170.72,/app/project/get_performs,2712525
180.113.120.184,/app/project/get_performs,6656021
183.166.137.245,/app/project/get_performs,6357768
112.194.88.255,/app/project/get_performs,29140
115.221.241.163,/app/project/get_performs,88751
36.42.126.210,/app/project/get_performs,5975494
140.250.95.11,/app/project/get_performs,6725585
140.250.95.11,/app/project/get_performs,6725608
180.127.145.141,/app/project/get_performs,6186
49.73.97.182,/app/project/get_performs,6723987
121.230.91.102,/app/project/get_performs,6349992
140.250.95.11,/app/project/get_performs,6725611
211.93.120.143,/app/project/get_performs,6028248
222.79.59.242,/app/project/get_performs,5019162
49.84.44.124,/app/project/get_performs,5848981
118.120.209.38,/app/project/get_performs,31268
49.89.101.151,/app/project/get_performs,6406585
110.80.181.11,/app/project/get_performs,5851373
122.246.179.156,/app/project/get_performs,6519837
119.130.242.164,/app/project/get_performs,6263513
114.223.210.164,/app/project/get_performs,6028248
125.94.167.120,/app/project/get_performs,4779348
222.191.134.127,/app/project/get_performs,4727399
49.81.155.65,/app/project/get_performs,6357615
117.94.203.198,/app/project/get_performs,6358180
114.224.215.177,/app/project/get_performs,4922919
117.94.203.198,/app/project/get_performs,6357930
180.102.166.232,/app/project/get_performs,6358330
114.225.121.135,/app/project/get_performs,6385902
218.66.247.199,/app/project/get_performs,6405411
49.73.97.182,/app/project/get_performs,6723987
222.191.134.38,/app/project/get_performs,2872634
117.69.159.106,/app/project/get_performs,73952
125.106.140.155,/app/project/get_performs,6350078
125.121.72.79,/app/project/get_performs,4922919
106.122.169.250,/app/project/get_performs,6357768
123.4.194.103,/app/project/get_performs,2239345
121.232.91.32,/app/project/get_performs,2512070
114.224.50.201,/app/project/get_performs,28823
122.246.179.156,/app/project/get_performs,6519837
121.232.88.211,/app/project/get_performs,6374410
121.232.88.44,/app/project/get_performs,5875028
222.191.134.127,/app/project/get_performs,4727399
49.89.101.151,/app/project/get_performs,6406585
122.233.16.162,/app/project/get_performs,5004807
59.56.38.38,/app/project/get_performs,6519837
117.84.4.245,/app/project/get_performs,5848981
114.238.147.81,/app/project/get_performs,6725585
114.238.147.81,/app/project/get_performs,6186
117.69.159.214,/app/project/get_performs,6725611
49.73.97.182,/app/project/get_performs,6723987
175.154.70.118,/app/project/get_performs,31268
110.80.181.11,/app/project/get_performs,5851373
42.7.30.34,/app/project/get_performs,29140
125.121.72.79,/app/project/get_performs,4922919
140.250.95.11,/app/project/get_performs,6725576
125.94.167.120,/app/project/get_performs,4779348
180.127.197.190,/app/project/get_performs,1990965
38.6.216.68,/app/project/get_performs,2623410
202.107.12.77,/app/project/get_performs,6028248
114.223.210.164,/app/project/get_performs,6028248
180.127.197.190,/app/project/get_performs,1990965
114.104.227.211,/app/project/get_performs,6349992
183.150.35.251,/app/project/get_performs,6358330
42.56.237.111,/app/project/get_performs,6357615
183.151.228.234,/app/project/get_performs,6357930
